[
  {
    "description": "Read-Only access to SenNet data",
    "data_provider": false,
    "has_subgroups": false,
    "identity_set_properties": null,
    "uuid": "51155194-09e5-11ed-a1a7-39992a34a522",
    "group_type": "data-read",
    "name": "SenNet - Read",
    "displayname": "SenNet Read",
    "generateuuid": false
  },
  {
    "description": "Access to SenNet protected data",
    "data_provider": false,
    "has_subgroups": false,
    "identity_set_properties": null,
    "uuid": "9203c0d3-18ef-11ed-a284-39992a34a522",
    "group_type": "protected-data",
    "name": "SenNet-Protected-Data",
    "displayname": "SenNet Protected Data",
    "generateuuid": false
  },
  {
    "description": "Users who can submit SenNet datasets for processing",
    "data_provider": false,
    "has_subgroups": false,
    "identity_set_properties": null,
    "uuid": "f654cd0d-1d9c-11ed-b7d5-972795fc9504",
    "group_type": "data-admin",
    "name": "SenNet-Data-Admin",
    "displayname": "SenNet Data Admin",
    "generateuuid": false
  },
  {
    "description": "Users who have write access to the CODCC testing folder",
    "data_provider": true,
    "has_subgroups": false,
    "identity_set_properties": null,
    "uuid": "57192604-18e0-11ed-b79b-972795fc9504",
    "group_type": "regular",
    "name": "SenNet-Testing-Group",
    "displayname": "CODCC Testing Group",
    "shortname": "CODCC Testing Group",
    "generateuuid": true,
    "tmc_prefix": "TEST"
  },
  {
    "description": "Users who have write access to the Brown University TDA data directory",
    "data_provider": true,
    "has_subgroups": false,
    "identity_set_properties": null,
    "uuid": "f4afa599-ee72-11ec-8b17-9fe9b51132b1",
    "group_type": "regular",
    "name": "SenNet TDA Brown",
    "displayname": "Brown University TDA",
    "shortname": "TDA - Brown",
    "generateuuid": true,
    "tmc_prefix": "BROWN"
  },
  {
    "description": "Users who have write access to the Buck Institute TDA data directory",
    "data_provider": true,
    "has_subgroups": false,
    "identity_set_properties": null,
    "uuid": "2a4733f7-ee73-11ec-b04f-67218ab1b594",
    "group_type": "regular",
    "name": "SenNet TDA Buck",
    "displayname": "Buck Institute TDA",
    "shortname": "TDA - Buck",
    "generateuuid": true,
    "tmc_prefix": "TDABUCK"
  },
  {
    "description": "Users who have write access to then Massachusetts General Hospital TDA data directory",
    "data_provider": true,
    "has_subgroups": false,
    "identity_set_properties": null,
    "uuid": "39a276b3-ee73-11ec-87fd-31892bd489e1",
    "group_type": "regular",
    "name": "SenNet TDA Mass",
    "displayname": "Massachusetts General Hospital TDA",
    "shortname": "TDA - Mass Gen",
    "generateuuid": true,
    "tmc_prefix": "MASSGEN"
  },
  {
    "description": "Users who have write access to the Mayo Clinic TDA - Passos data directory",
    "data_provider": true,
    "has_subgroups": false,
    "identity_set_properties": null,
    "uuid": "9057611e-ee72-11ec-87fd-31892bd489e1",
    "group_type": "regular",
    "name": "SenNet TDA Mayo - Passos",
    "displayname": "Mayo Clinic TDA - Passos",
    "shortname": "TDA - Mayo - Passos",
    "generateuuid": true,
    "tmc_prefix": "MAYO1"
  },
  {
    "description": "Users who have write access to the Stanford University TDA data directory",
    "data_provider": true,
    "has_subgroups": false,
    "identity_set_properties": null,
    "uuid": "0f560965-ee73-11ec-8b1b-ff9dc0f99d56",
    "group_type": "regular",
    "name": "SenNet TDA Stan",
    "displayname": "Stanford University TDA",
    "shortname": "TDA - Stanford",
    "generateuuid": true,
    "tmc_prefix": "STAN"
  },
  {
    "description": "Users who have write access to the University of Michigan TDA data directory",
    "data_provider": true,
    "has_subgroups": false,
    "identity_set_properties": null,
    "uuid": "7fe86fe2-ee72-11ec-b04f-67218ab1b594",
    "group_type": "regular",
    "name": "SenNet TDA UMich",
    "displayname": "University of Michigan TDA",
    "shortname": "TDA - UMich",
    "generateuuid": true,
    "tmc_prefix": "UMICH"
  },
  {
    "description": "Users who have write access to the University of Washington TDA data directory",
    "data_provider": true,
    "has_subgroups": false,
    "identity_set_properties": null,
    "uuid": "b861e101-ee72-11ec-8b1b-ff9dc0f99d56",
    "group_type": "regular",
    "name": "SenNet TDA UWash",
    "displayname": "University of Washington TDA",
    "shortname": "TDA - UWash",
    "generateuuid": true,
    "tmc_prefix": "UWASH"
  },
  {
    "description": "Users who have write access to the Buck Institute TMC data directory",
    "data_provider": true,
    "has_subgroups": false,
    "identity_set_properties": null,
    "uuid": "d04be51f-ee71-11ec-8b17-9fe9b51132b1",
    "group_type": "regular",
    "name": "SenNet TMC Buck",
    "displayname": "Buck Institute TMC",
    "shortname": "TMC - Buck",
    "generateuuid": true,
    "tmc_prefix": "TMCBUCK"
  },
  {
    "description": "Users who have write access to the Columbia University TMC data directory",
    "data_provider": true,
    "has_subgroups": false,
    "identity_set_properties": null,
    "uuid": "5ed4e70f-ee72-11ec-8b17-9fe9b51132b1",
    "group_type": "regular",
    "name": "SenNet TMC Colum",
    "displayname": "Columbia University TMC",
    "shortname": "TMC - Columbia",
    "generateuuid": true,
    "tmc_prefix": "COLUM1"
  },
  {
    "description": "Users who have write access to the Duke University TMC data directory",
    "data_provider": true,
    "has_subgroups": false,
    "identity_set_properties": null,
    "uuid": "e03acbf4-ee71-11ec-87fd-31892bd489e1",
    "group_type": "regular",
    "name": "SenNet TMC Duke",
    "displayname": "Duke University TMC",
    "shortname": "TMC - Duke",
    "generateuuid": true,
    "tmc_prefix": "DUKE"
  },
  {
    "description": "Users who have write access to the University of Connecticut TMC data directory",
    "data_provider": true,
    "has_subgroups": false,
    "identity_set_properties": null,
    "uuid": "d3281bed-ed89-11ec-b03c-67218ab1b594",
    "group_type": "regular",
    "name": "SenNet TMC UConn",
    "displayname": "University of Connecticut TMC",
    "shortname": "TMC - UConn",
    "generateuuid": true,
    "tmc_prefix": "UCONN"
  },
  {
    "description": "Users who have write access to the University of Pittsburgh TMC data directory",
    "data_provider": true,
    "has_subgroups": false,
    "identity_set_properties": null,
    "uuid": "28db7a2b-ed8a-11ec-8b0a-9fe9b51132b1",
    "group_type": "regular",
    "name": "SenNet TMC Pitt",
    "displayname": "University of Pittsburgh TMC",
    "shortname": "TMC - Pitt",
    "generateuuid": true,
    "tmc_prefix": "PITT"
  },
  {
    "description": "Users who have write access to the University of Minnesota TMC - Niedernhofer data directory",
    "data_provider": true,
    "has_subgroups": false,
    "identity_set_properties": null,
    "uuid": "ca21ca01-50a0-11ed-839d-ef21729c63fc",
    "group_type": "regular",
    "name": "SenNet TMC UMinn - Niedernhofer",
    "displayname": "University of Minnesota TMC - Niedernhofer",
    "shortname": "TMC - UMinn - Niedernhofer",
    "generateuuid": true,
    "tmc_prefix": "UMINN1"
  },
  {
    "description": "Users who have write access to the Washington University TMC data directory",
    "data_provider": true,
    "has_subgroups": false,
    "identity_set_properties": null,
    "uuid": "0ebc13fb-ee72-11ec-87fd-31892bd489e1",
    "group_type": "regular",
    "name": "SenNet TMC WashU",
    "displayname": "Washington University TMC",
    "shortname": "TMC - WashU",
    "generateuuid": true,
    "tmc_prefix": "WASHU"
  },
  {
    "description": "Users who have write access to the SenNet Yale University TMC - Fan data directory",
    "data_provider": true,
    "has_subgroups": false,
    "identity_set_properties": null,
    "uuid": "f9e76de5-ee71-11ec-b04f-67218ab1b594",
    "group_type": "regular",
    "name": "SenNet TMC Yale - Fan",
    "displayname": "Yale University TMC - Fan",
    "shortname": "TMC - Yale - Fan",
    "generateuuid": true,
    "tmc_prefix": "YALE1"
  },
  {
    "description": "Users who have write access to the Columbia University TDA data directory",
    "data_provider": true,
    "has_subgroups": false,
    "identity_set_properties": null,
    "uuid": "94428458-234e-11ed-a568-4ffe8363feee",
    "group_type": "regular",
    "name": "SenNet TDA Columbia",
    "displayname": "TDA - Columbia University",
    "shortname": "TDA - Colum",
    "generateuuid": true,
    "tmc_prefix": "COLUM2"
  },
  {
    "description": "Users who have write access to the SenNet Johns Hopkins University TDA  data directory",
    "data_provider": true,
    "has_subgroups": false,
    "identity_set_properties": null,
    "uuid": "3d0c8143-23a4-11ed-98d0-e762488865d2",
    "group_type": "regular",
    "name": "SenNet TDA JHU",
    "displayname": "TDA - Johns Hopkins University",
    "shortname": "TDA - JHU",
    "generateuuid": true,
    "tmc_prefix": "TDAJHU"
  },
  {
    "description": "Users who have write access to the SenNet MIT TDA  data directory",
    "data_provider": true,
    "has_subgroups": false,
    "identity_set_properties": null,
    "uuid": "a176f90d-23a7-11ed-a56b-4ffe8363feee",
    "group_type": "regular",
    "name": "SenNet TDA MIT",
    "displayname": "TDA - Massachusetts Institute of Technology",
    "shortname": "TDA - MIT",
    "generateuuid": true,
    "tmc_prefix": "MIT"
  },
  {
    "description": "Users who have write access to the SenNet Mayo Clinic TDA - Schafer  data directory",
    "data_provider": true,
    "has_subgroups": false,
    "identity_set_properties": null,
    "uuid": "151ae6a3-23a8-11ed-a56b-4ffe8363feee",
    "group_type": "regular",
    "name": "SenNet TDA Mayo - Schafer",
    "displayname": "TDA - Mayo Clinic - Schafer",
    "shortname": "TDA - Mayo - Schafer",
    "generateuuid": true,
    "tmc_prefix": "MAYO2"
  },
  {
    "description": "Users who have write access to the SenNet TDA PNL  data directory",
    "data_provider": true,
    "has_subgroups": false,
    "identity_set_properties": null,
    "uuid": "4d040f6d-23a8-11ed-a322-39992a34a522",
    "group_type": "regular",
    "name": "SenNet TDA PNL",
    "displayname": "TDA - Pacific Northwest National Laboratory",
    "shortname": "TDA - PNL",
    "generateuuid": true,
    "tmc_prefix": "PNL"
  },
  {
    "description": "Users who have write access to the SenNet JHU TMC  data directory",
    "data_provider": true,
    "has_subgroups": false,
    "identity_set_properties": null,
    "uuid": "84c62bd9-23a8-11ed-a322-39992a34a522",
    "group_type": "regular",
    "name": "SenNet TMC JHU",
    "displayname": "TMC - Johns Hopkins University",
    "shortname": "TMC - JHU",
    "generateuuid": true,
    "tmc_prefix": "TMCJHU"
  },
  {
    "description": "Users who have write access to the SenNet Jackson Lab TMC data directory",
    "data_provider": true,
    "has_subgroups": false,
    "identity_set_properties": null,
    "uuid": "ae34c101-23a8-11ed-98d1-e762488865d2",
    "group_type": "regular",
    "name": "SenNet TMC Jackson",
    "displayname": "TMC - The Jackson Laboratory",
    "shortname": "TMC - Jackson",
    "generateuuid": true,
    "tmc_prefix": "JACKSON"
  },
  {
    "description": "Users who have write access to the SenNet University of Minnesota - Bernlohr TMC  data directory",
    "data_provider": true,
    "has_subgroups": false,
    "identity_set_properties": null,
    "uuid": "d6033e1f-23a8-11ed-b83a-972795fc9504",
    "group_type": "regular",
    "name": "SenNet TMC UMinn - Bernlohr",
    "displayname": "TMC - University of Minnesota - Bernlohr",
    "shortname": "TMC - UMinn - Bernlohr",
    "generateuuid": true,
    "tmc_prefix": "UMINN2"
  },
  {
    "description": "Users who have write access to the SenNet UCSD TMC  data directory",
    "data_provider": true,
    "has_subgroups": false,
    "identity_set_properties": null,
    "uuid": "f6282165-23a8-11ed-a322-39992a34a522",
    "group_type": "regular",
    "name": "SenNet TMC UCSD",
    "displayname": "TMC - University of California San Diego",
    "shortname": "TMC - UCSD",
    "generateuuid": true,
    "tmc_prefix": "UCSD"
  },
  {
    "description": "Users who have write access to the SenNet Yale - Dixit TMC  data directory",
    "data_provider": true,
    "has_subgroups": false,
    "identity_set_properties": null,
    "uuid": "1350e2f9-23a9-11ed-a56b-4ffe8363feee",
    "group_type": "regular",
    "name": "SenNet TMC Yale - Dixit",
    "displayname": "TMC - Yale University - Dixit",
    "shortname": "TMC - Yale - Dixit",
    "generateuuid": true,
    "tmc_prefix": "YALE2"
  }
]
